Image,Point,Latitude,Longitude,Object Type,Coordinates,Probability,Bounding Box Center,Normalized Bounding Box Center
/content/tif_images/image_691.tif,18,36.201565429,36.140339466,collapsed,"[357.48516845703125, 546.434814453125, 420.86602783203125, 623.014892578125]",0.346377283334732,"[389.17559814453125, 584.724853515625]","[0.6080868721008301, 0.913632583618164]"
/content/tif_images/image_668.tif,21,36.203875251,36.148331067,collapsed,"[169.375732421875, 416.53802490234375, 251.21798706054688, 495.095703125]",0.5461550354957581,"[210.29685974121094, 455.8168640136719]","[0.3285888433456421, 0.7122138500213623]"
/content/tif_images/image_501.tif,10,36.214312657,36.136493793,collapsed,"[0.5178070068359375, 349.65460205078125, 74.99467468261719, 453.4163818359375]",0.3806550502777099,"[37.75624084472656, 401.5354919433594]","[0.05899412631988525, 0.627399206161499]"
/content/tif_images/image_86.tif,0,36.240755337,36.115091898,collapsed,"[321.89276123046875, 118.24835205078125, 480.98370361328125, 246.14105224609375]",0.6424461007118225,"[401.438232421875, 182.1947021484375]","[0.6272472381591797, 0.2846792221069336]"
/content/tif_images/image_593.tif,3,36.210189068,36.160538323,collapsed,"[0.009918212890625, 145.00686645507812, 64.34687805175781, 220.65634155273438]",0.7640044689178467,"[32.17839813232422, 182.83160400390625]","[0.05027874708175659, 0.2856743812561035]"
/content/tif_images/image_593.tif,7,36.210008861,36.16086382,collapsed,"[90.63346862792969, 202.51028442382812, 160.22117614746094, 298.203125]",0.6617666482925415,"[125.42732238769531, 250.35670471191406]","[0.19598019123077393, 0.3911823511123657]"
/content/tif_images/image_593.tif,9,36.210539526,36.160860626,collapsed,"[83.61672973632812, 12.154792785644531, 165.40782165527344, 90.87039184570312]",0.5437406897544861,"[124.51227569580078, 51.51259231567383]","[0.19455043077468873, 0.08048842549324035]"
/content/tif_images/image_593.tif,10,36.209968693,36.160501789,collapsed,"[0.0, 235.75933837890625, 43.42405700683594, 295.0565185546875]",0.3466999232769012,"[21.71202850341797, 265.4079284667969]","[0.03392504453659058, 0.4146998882293701]"
/content/tif_images/image_591.tif,12,36.210177585,36.157669737,collapsed,"[405.0539855957031, 105.80347442626953, 502.3692321777344, 191.2755126953125]",0.75325608253479,"[453.71160888671875, 148.53949356079102]","[0.708924388885498, 0.23209295868873597]"
/content/tif_images/image_591.tif,15,36.208988814,36.156195709,collapsed,"[0.0, 554.2247314453125, 62.85907745361328, 633.7364501953125]",0.7086796164512634,"[31.42953872680664, 593.9805908203125]","[0.049108654260635376, 0.9280946731567383]"
/content/tif_images/image_591.tif,25,36.209667693,36.157760046,collapsed,"[434.77777099609375, 294.51934814453125, 524.3892822265625, 384.67999267578125]",0.5449298024177551,"[479.5835266113281, 339.59967041015625]","[0.7493492603302002, 0.5306244850158691]"
/content/tif_images/image_591.tif,26,36.21037426,36.157181993,collapsed,"[264.9914245605469, 46.29713439941406, 362.9722595214844, 103.39071655273438]",0.4895996153354645,"[313.9818420410156, 74.84392547607422]","[0.4905966281890869, 0.11694363355636597]"
/content/tif_images/image_591.tif,30,36.210400373,36.157177731,collapsed,"[265.2235107421875, 44.79408645629883, 360.2984619140625, 85.32484436035156]",0.2969583868980407,"[312.760986328125, 65.0594654083252]","[0.4886890411376953, 0.10165541470050812]"
/content/tif_images/image_643.tif,10,36.206485333,36.152217942,collapsed,"[60.14693832397461, 126.43667602539062, 137.49240112304688, 224.24490356445312]",0.6224326491355896,"[98.81966972351074, 175.34078979492188]","[0.15440573394298554, 0.2739699840545654]"
/content/tif_images/image_643.tif,11,36.205537923,36.153691057,collapsed,"[484.4927062988281, 490.2500305175781, 557.18701171875, 570.850341796875]",0.5764197111129761,"[520.8398590087891, 530.5501861572266]","[0.8138122797012329, 0.8289846658706665]"
/content/tif_images/image_643.tif,17,36.206663213,36.151945667,collapsed,"[0.13959503173828125, 61.19930648803711, 41.496185302734375, 156.09823608398438]",0.3713574409484863,"[20.817890167236328, 108.64877128601074]","[0.03252795338630676, 0.1697637051343918]"
/content/tif_images/image_643.tif,18,36.206027046,36.153599292,collapsed,"[460.5975341796875, 306.4756774902344, 528.50439453125, 387.8539123535156]",0.2688656747341156,"[494.55096435546875, 347.164794921875]","[0.77273588180542, 0.5424449920654297]"
/content/tif_images/image_644.tif,0,36.205382895,36.154700584,collapsed,"[141.5518798828125, 575.8359375, 235.21981811523438, 639.79296875]",0.8509262800216675,"[188.38584899902344, 607.814453125]","[0.2943528890609741, 0.9497100830078125]"
/content/tif_images/image_644.tif,1,36.205776524,36.155575392,collapsed,"[398.3072509765625, 423.67352294921875, 479.6971435546875, 496.96453857421875]",0.7807003259658813,"[439.002197265625, 460.31903076171875]","[0.685940933227539, 0.7192484855651855]"
/content/tif_images/image_644.tif,11,36.206843796,36.155670662,collapsed,"[417.8004150390625, 15.165908813476562, 514.7901611328125, 105.64276123046875]",0.6107444167137146,"[466.2952880859375, 60.404335021972656]","[0.7285863876342773, 0.09438177347183227]"
/content/tif_images/image_644.tif,25,36.205373871,36.155891875,collapsed,"[486.89630126953125, 582.89697265625, 572.4411010742188, 639.4951171875]",0.3043824136257171,"[529.668701171875, 611.196044921875]","[0.8276073455810546, 0.9549938201904297]"
/content/tif_images/image_644.tif,26,36.205957884,36.155215812,collapsed,"[304.42449951171875, 357.99981689453125, 367.55389404296875, 426.72442626953125]",0.2733041942119598,"[335.98919677734375, 392.36212158203125]","[0.5249831199645996, 0.6130658149719238]"
/content/tif_images/image_644.tif,27,36.205543392,36.156051852,collapsed,"[534.983154296875, 507.90362548828125, 616.015380859375, 587.4469604492188]",0.2650063037872314,"[575.499267578125, 547.67529296875]","[0.8992176055908203, 0.8557426452636718]"
/content/tif_images/image_722.tif,37,36.201149389,36.147872426,collapsed,"[0.8280181884765625, 118.46734619140625, 83.67938232421875, 199.17901611328125]",0.2952461838722229,"[42.253700256347656, 158.82318115234375]","[0.06602140665054321, 0.2481612205505371]"
/content/tif_images/image_693.tif,23,36.202636719,36.144246576,collapsed,"[220.928466796875, 181.28857421875, 309.39276123046875, 262.34564208984375]",0.6378647685050964,"[265.1606140136719, 221.81710815429688]","[0.4143134593963623, 0.3465892314910889]"
/content/tif_images/image_511.tif,23,36.21509804,36.158383032,collapsed,"[56.86822509765625, 274.3512268066406, 125.35231018066406, 327.7508239746094]",0.404596596956253,"[91.11026763916016, 301.051025390625]","[0.14235979318618774, 0.47039222717285156]"
/content/tif_images/image_564.tif,7,36.2110363,36.156428374,collapsed,"[71.98710632324219, 441.361083984375, 160.85028076171875, 530.223876953125]",0.6545445919036865,"[116.41869354248047, 485.79248046875]","[0.18190420866012574, 0.7590507507324219]"
/content/tif_images/image_564.tif,8,36.21167187,36.156589274,collapsed,"[119.4676742553711, 206.45794677734375, 205.55972290039062, 288.5429382324219]",0.5927059650421143,"[162.51369857788086, 247.5004425048828]","[0.2539276540279388, 0.3867194414138794]"
/content/tif_images/image_564.tif,11,36.210726468,36.156582355,collapsed,"[115.49765014648438, 564.6307373046875, 205.56533813476562, 639.2833251953125]",0.3755100965499878,"[160.531494140625, 601.95703125]","[0.25083045959472655, 0.940557861328125]"
/content/tif_images/image_562.tif,9,36.210654764,36.153481221,collapsed,"[467.13287353515625, 553.16357421875, 563.7545776367188, 627.283203125]",0.5468553304672241,"[515.4437255859375, 590.223388671875]","[0.8053808212280273, 0.9222240447998047]"
/content/tif_images/image_562.tif,13,36.210603695,36.152973272,collapsed,"[332.508056640625, 578.7403564453125, 407.343505859375, 640.0]",0.4928643703460693,"[369.92578125, 609.3701782226562]","[0.578009033203125, 0.9521409034729004]"
/content/tif_images/image_384.tif,0,36.221814307,36.118690887,collapsed,"[573.63232421875, 4.1055908203125, 639.869140625, 96.8945541381836]",0.467983603477478,"[606.750732421875, 50.50007247924805]","[0.9480480194091797, 0.07890636324882508]"
/content/tif_images/image_617.tif,5,36.208327417,36.155819654,collapsed,"[487.5260009765625, 113.72758483886719, 567.1011962890625, 212.8961944580078]",0.7081730961799622,"[527.3135986328125, 163.3118896484375]","[0.8239274978637695, 0.2551748275756836]"
/content/tif_images/image_617.tif,8,36.207127047,36.156061293,collapsed,"[554.77197265625, 586.724853515625, 638.3055419921875, 640.0]",0.634497344493866,"[596.5387573242188, 613.3624267578125]","[0.9320918083190918, 0.958378791809082]"
/content/tif_images/image_617.tif,9,36.208350576,36.155143067,collapsed,"[290.39434814453125, 115.64093017578125, 376.57342529296875, 193.61700439453125]",0.603478729724884,"[333.48388671875, 154.62896728515625]","[0.5210685729980469, 0.24160776138305665]"
/content/tif_images/image_617.tif,11,36.208089745,36.15520534,collapsed,"[311.60089111328125, 219.9615478515625, 391.047119140625, 284.8814697265625]",0.4906927347183227,"[351.3240051269531, 252.4215087890625]","[0.5489437580108643, 0.3944086074829102]"
/content/tif_images/image_617.tif,15,36.207243737,36.155292244,collapsed,"[325.572509765625, 535.8073120117188, 426.867919921875, 603.4176635742188]",0.3846599757671356,"[376.22021484375, 569.6124877929688]","[0.5878440856933593, 0.8900195121765136]"
/content/tif_images/image_619.tif,15,36.207346563,36.159670739,collapsed,"[345.9580383300781, 523.2392578125, 428.3121643066406, 616.1162109375]",0.6406474709510803,"[387.1351013183594, 569.677734375]","[0.6048985958099365, 0.8901214599609375]"
/content/tif_images/image_121.tif,13,36.238302053,36.132462219,collapsed,"[325.9930419921875, 559.5680541992188, 441.5595703125, 639.3607788085938]",0.5800735354423523,"[383.77630615234375, 599.4644165039062]","[0.5996504783630371, 0.9366631507873535]"
/content/tif_images/image_638.tif,21,36.205306909,36.142689427,collapsed,"[442.139404296875, 478.4228515625, 512.6620483398438, 561.69189453125]",0.6283751130104065,"[477.4007263183594, 520.057373046875]","[0.7459386348724365, 0.8125896453857422]"
/content/tif_images/image_22.tif,1,36.247176255,36.151783438,collapsed,"[339.0560302734375, 24.006011962890625, 450.384765625, 145.26962280273438]",0.3299263715744018,"[394.72039794921875, 84.6378173828125]","[0.6167506217956543, 0.13224658966064454]"
/content/tif_images/image_245.tif,0,36.229986582,36.109667943,collapsed,"[563.797119140625, 155.25714111328125, 640.0, 253.966064453125]",0.5354701280593872,"[601.8985595703125, 204.61160278320312]","[0.9404664993286133, 0.3197056293487549]"
/content/tif_images/image_588.tif,24,36.210206693,36.150565426,collapsed,"[249.52023315429688, 40.86787796020508, 317.9576110839844, 118.33140563964844]",0.5073415637016296,"[283.7389221191406, 79.59964179992676]","[0.4433420658111572, 0.12437444031238556]"
/content/tif_images/image_706.tif,3,36.199775067,36.113964177,collapsed,"[235.84957885742188, 316.32110595703125, 312.5774230957031, 407.66168212890625]",0.3295393884181976,"[274.2135009765625, 361.99139404296875]","[0.42845859527587893, 0.5656115531921386]"
/content/tif_images/image_169.tif,6,36.235796767,36.11968487,collapsed,"[382.1126708984375, 59.837947845458984, 453.59100341796875, 145.1668701171875]",0.2817692756652832,"[417.8518371582031, 102.50240898132324]","[0.6528934955596923, 0.16016001403331756]"
/content/tif_images/image_618.tif,1,36.208135809,36.157929402,collapsed,"[460.58514404296875, 215.53884887695312, 559.52001953125, 293.7548828125]",0.8034641742706299,"[510.0525817871094, 254.64686584472656]","[0.7969571590423584, 0.39788572788238524]"
/content/tif_images/image_618.tif,20,36.2072177,36.157705769,collapsed,"[404.47869873046875, 560.7032470703125, 487.4930419921875, 637.0379638671875]",0.3431318998336792,"[445.9858703613281, 598.87060546875]","[0.6968529224395752, 0.9357353210449219]"
/content/tif_images/image_385.tif,0,36.22189648,36.118941517,collapsed,"[0.0, 0.44598388671875, 114.2645492553711, 77.97465515136719]",0.2756724953651428,"[57.13227462768555, 39.21031951904297]","[0.08926917910575867, 0.06126612424850464]"
/content/tif_images/image_351.tif,3,36.225589117,36.162541077,collapsed,"[108.61165618896484, 287.69384765625, 187.65451049804688, 437.3270263671875]",0.4888350069522857,"[148.13308334350586, 362.51043701171875]","[0.2314579427242279, 0.5664225578308105]"
/content/tif_images/image_351.tif,5,36.226419273,36.162975936,collapsed,"[220.569580078125, 0.0, 324.85467529296875, 102.52501678466797]",0.3867042958736419,"[272.7121276855469, 51.262508392333984]","[0.426112699508667, 0.08009766936302185]"
/content/tif_images/image_351.tif,7,36.226458836,36.162970965,collapsed,"[219.4051055908203, 0.05374908447265625, 323.17108154296875, 72.80513000488281]",0.2896143496036529,"[271.28809356689453, 36.429439544677734]","[0.4238876461982727, 0.05692099928855896]"
/content/tif_images/image_351.tif,8,36.225578727,36.162568603,collapsed,"[103.21417236328125, 299.96258544921875, 208.82339477539062, 432.84869384765625]",0.2678132057189941,"[156.01878356933594, 366.4056396484375]","[0.2437793493270874, 0.5725088119506836]"
/content/tif_images/image_331.tif,3,36.22452513,36.119784917,collapsed,"[290.49066162109375, 306.123291015625, 380.67437744140625, 438.81988525390625]",0.4271467626094818,"[335.58251953125, 372.4715881347656]","[0.5243476867675781, 0.5819868564605712]"
/content/tif_images/image_324.tif,12,36.227846849,36.163970025,collapsed,"[525.5676879882812, 130.3620147705078, 625.5297241210938, 220.6829376220703]",0.397975206375122,"[575.5487060546875, 175.52247619628906]","[0.8992948532104492, 0.2742538690567017]"
/content/tif_images/image_324.tif,14,36.227228045,36.163082531,collapsed,"[255.1085968017578, 334.41302490234375, 387.48724365234375, 480.64404296875]",0.2930244207382202,"[321.2979202270508, 407.5285339355469]","[0.5020280003547668, 0.636763334274292]"
/content/tif_images/image_432.tif,4,36.220084593,36.162984797,collapsed,"[180.294189453125, 384.28759765625, 260.7710266113281, 512.0922241210938]",0.3116776347160339,"[220.53260803222656, 448.1899108886719]","[0.344582200050354, 0.7002967357635498]"
/content/tif_images/image_290.tif,16,36.229629013,36.14883026,collapsed,"[578.90478515625, 0.02489471435546875, 639.964599609375, 62.20301055908203]",0.3871033191680908,"[609.4346923828125, 31.11395263671875]","[0.9522417068481446, 0.048615550994873045]"
/content/tif_images/image_290.tif,19,36.229630973,36.148860739,collapsed,"[596.3409423828125, 0.0, 639.9837646484375, 60.75844955444336]",0.3439145386219024,"[618.162353515625, 30.37922477722168]","[0.965878677368164, 0.047467538714408876]"
/content/tif_images/image_290.tif,20,36.22962323,36.148784733,collapsed,"[552.795654296875, 0.0, 640.0, 66.56458282470703]",0.2867710292339325,"[596.3978271484375, 33.282291412353516]","[0.9318716049194335, 0.05200358033180237]"
/content/tif_images/image_616.tif,0,36.208277732,36.153796823,collapsed,"[527.3867797851562, 122.0100326538086, 611.5629272460938, 203.62765502929688]",0.8068757653236389,"[569.474853515625, 162.81884384155273]","[0.889804458618164, 0.25440444350242614]"
/content/tif_images/image_616.tif,2,36.208258616,36.153405086,collapsed,"[414.06427001953125, 128.58297729492188, 500.4344482421875, 211.38845825195312]",0.7571513652801514,"[457.2493591308594, 169.9857177734375]","[0.7144521236419678, 0.26560268402099607]"
/content/tif_images/image_616.tif,4,36.20744558,36.152697304,collapsed,"[215.16119384765625, 429.399169921875, 293.8044128417969, 520.2301025390625]",0.7346188426017761,"[254.48280334472656, 474.81463623046875]","[0.39762938022613525, 0.7418978691101075]"
/content/tif_images/image_616.tif,5,36.207953242,36.153531116,collapsed,"[451.19720458984375, 245.945556640625, 535.5118408203125, 323.01177978515625]",0.7172537446022034,"[493.3545227050781, 284.4786682128906]","[0.7708664417266846, 0.4444979190826416]"
/content/tif_images/image_616.tif,7,36.207132498,36.152310043,collapsed,"[99.71571350097656, 558.3509521484375, 187.36366271972656, 626.0443115234375]",0.7155872583389282,"[143.53968811035156, 592.1976318359375]","[0.2242807626724243, 0.9253087997436523]"
/content/tif_images/image_616.tif,10,36.207213726,36.152604059,collapsed,"[197.63946533203125, 528.7166137695312, 257.900390625, 594.7691040039062]",0.6894701719284058,"[227.76992797851562, 561.7428588867188]","[0.35589051246643066, 0.877723217010498]"
/content/tif_images/image_616.tif,11,36.207291513,36.153641646,collapsed,"[463.2359619140625, 470.40606689453125, 586.8031005859375, 594.7511596679688]",0.6163009405136108,"[525.01953125, 532.57861328125]","[0.820343017578125, 0.8321540832519532]"
/content/tif_images/image_616.tif,17,36.20858931,36.153788554,collapsed,"[523.6820678710938, 3.0385284423828125, 610.5296020507812, 88.9609375]",0.2927931249141693,"[567.1058349609375, 45.999732971191406]","[0.8861028671264648, 0.07187458276748657]"
/content/tif_images/image_291.tif,16,36.228620176,36.150560082,collapsed,"[420.97564697265625, 383.41619873046875, 545.6605834960938, 474.2841796875]",0.504822850227356,"[483.318115234375, 428.8501892089844]","[0.755184555053711, 0.6700784206390381]"
/content/tif_images/image_199.tif,2,36.233352915,36.124952849,collapsed,"[0.19748687744140625, 364.953125, 86.19468688964844, 471.687744140625]",0.2597451210021972,"[43.19608688354492, 418.3204345703125]","[0.06749388575553894, 0.6536256790161132]"
/content/tif_images/image_485.tif,5,36.217199094,36.160904279,collapsed,"[158.94662475585938, 155.58041381835938, 260.6225280761719, 228.27395629882812]",0.7488276362419128,"[209.78457641601562, 191.92718505859375]","[0.3277884006500244, 0.29988622665405273]"
/content/tif_images/image_485.tif,8,36.216931036,36.160810163,collapsed,"[136.61700439453125, 247.45501708984375, 229.02703857421875, 337.40362548828125]",0.7146132588386536,"[182.822021484375, 292.4293212890625]","[0.2856594085693359, 0.45692081451416017]"
/content/tif_images/image_485.tif,13,36.217624916,36.160381539,collapsed,"[27.197006225585938, 4.294837951660156, 92.861328125, 60.255706787109375]",0.4242736101150512,"[60.02916717529297, 32.275272369384766]","[0.09379557371139527, 0.0504301130771637]"
/content/tif_images/image_590.tif,20,36.209167631,36.155908361,collapsed,"[542.4388427734375, 480.4603271484375, 599.6219482421875, 535.118408203125]",0.6060056090354919,"[571.0303955078125, 507.78936767578125]","[0.892234992980957, 0.7934208869934082]"
/content/tif_images/image_590.tif,22,36.209628638,36.154805628,collapsed,"[228.82015991210938, 304.15728759765625, 281.1320495605469, 365.733642578125]",0.5678423047065735,"[254.97610473632812, 334.9454650878906]","[0.3984001636505127, 0.5233522891998291]"
/content/tif_images/image_590.tif,26,36.208983853,36.154595267,collapsed,"[141.21417236328125, 530.302490234375, 248.1553955078125, 623.082275390625]",0.5316278338432312,"[194.68478393554688, 576.6923828125]","[0.304194974899292, 0.9010818481445313]"
/content/tif_images/image_590.tif,27,36.208990704,36.155907264,collapsed,"[540.3099975585938, 548.6280517578125, 601.1220092773438, 599.6195068359375]",0.4865618348121643,"[570.7160034179688, 574.123779296875]","[0.8917437553405761, 0.8970684051513672]"
/content/tif_images/image_590.tif,28,36.209637948,36.155050023,collapsed,"[298.9666748046875, 306.24139404296875, 351.07763671875, 356.66802978515625]",0.4810388684272766,"[325.02215576171875, 331.4547119140625]","[0.5078471183776856, 0.5178979873657227]"
/content/tif_images/image_590.tif,29,36.209357428,36.155886755,collapsed,"[538.3367919921875, 405.5552978515625, 591.3389892578125, 467.70306396484375]",0.438467800617218,"[564.837890625, 436.6291809082031]","[0.8825592041015625, 0.6822330951690674]"
/content/tif_images/image_590.tif,31,36.20898871,36.153977236,collapsed,"[0.0, 527.5313720703125, 35.101715087890625, 622.2115478515625]",0.3730267584323883,"[17.550857543945312, 574.8714599609375]","[0.02742321491241455, 0.8982366561889649]"
/content/tif_images/image_590.tif,33,36.209366516,36.156090439,collapsed,"[606.431396484375, 399.89471435546875, 640.0, 466.54888916015625]",0.3329751491546631,"[623.2156982421875, 433.2218017578125]","[0.973774528503418, 0.676909065246582]"
/content/tif_images/image_590.tif,34,36.210311534,36.154133093,collapsed,"[30.656455993652344, 49.84858322143555, 93.78544616699219, 107.96986389160156]",0.3207703828811645,"[62.220951080322266, 78.90922355651855]","[0.09722023606300353, 0.12329566180706024]"
/content/tif_images/image_590.tif,35,36.209183911,36.156103752,collapsed,"[614.0628662109375, 471.28997802734375, 640.0, 532.0805053710938]",0.3122870326042175,"[627.0314331054688, 501.68524169921875]","[0.979736614227295, 0.7838831901550293]"
/content/tif_images/image_590.tif,36,36.210324929,36.155228565,collapsed,"[343.57476806640625, 38.67333984375, 408.81341552734375, 109.10092163085938]",0.3088085055351257,"[376.194091796875, 73.88713073730469]","[0.5878032684326172, 0.11544864177703858]"
/content/tif_images/image_590.tif,37,36.209144151,36.154942592,collapsed,"[263.8573303222656, 488.7301025390625, 324.6056213378906, 544.4552001953125]",0.3038534224033355,"[294.2314758300781, 516.5926513671875]","[0.45973668098449705, 0.8071760177612305]"
/content/tif_images/image_590.tif,38,36.209247418,36.154507799,collapsed,"[109.54397583007812, 433.7633056640625, 229.6871337890625, 521.9867553710938]",0.2562984824180603,"[169.6155548095703, 477.8750305175781]","[0.2650243043899536, 0.7466797351837158]"
/content/tif_images/image_493.tif,1,36.214854393,36.120341377,collapsed,"[335.30291748046875, 1.31451416015625, 432.91290283203125, 82.42373657226562]",0.4952605366706848,"[384.10791015625, 41.86912536621094]","[0.6001686096191406, 0.06542050838470459]"
/content/tif_images/image_493.tif,4,36.214735277,36.120964164,collapsed,"[524.0020141601562, 47.39728546142578, 600.8883666992188, 125.71227264404297]",0.305117517709732,"[562.4451904296875, 86.55477905273438]","[0.8788206100463867, 0.13524184226989747]"
/content/tif_images/image_493.tif,5,36.214366781,36.119851259,collapsed,"[180.5164794921875, 148.1171875, 307.00537109375, 301.472412109375]",0.2777190208435058,"[243.76092529296875, 224.7947998046875]","[0.3808764457702637, 0.3512418746948242]"
/content/tif_images/image_592.tif,5,36.209541087,36.160240033,collapsed,"[535.409423828125, 375.85430908203125, 601.36865234375, 436.92205810546875]",0.5442947745323181,"[568.3890380859375, 406.38818359375]","[0.8881078720092773, 0.6349815368652344]"
/content/tif_images/image_592.tif,6,36.209354405,36.15981582,collapsed,"[406.26202392578125, 439.307861328125, 487.45751953125, 513.4521484375]",0.5299702286720276,"[446.8597717285156, 476.3800048828125]","[0.6982183933258057, 0.7443437576293945]"
/content/tif_images/image_592.tif,7,36.20974497,36.160261223,collapsed,"[542.4881591796875, 296.9210205078125, 606.43115234375, 362.97235107421875]",0.4439095258712768,"[574.4596557617188, 329.9466857910156]","[0.8975932121276855, 0.5155416965484619]"
/content/tif_images/image_592.tif,8,36.210204898,36.160346221,collapsed,"[559.1219482421875, 124.49522399902344, 638.4981689453125, 190.5199737548828]",0.2702935039997101,"[598.81005859375, 157.50759887695312]","[0.9356407165527344, 0.24610562324523927]"
/content/tif_images/image_592.tif,9,36.21001789,36.160319671,collapsed,"[559.5081787109375, 191.49072265625, 622.8997802734375, 263.7528076171875]",0.250500738620758,"[591.2039794921875, 227.62176513671875]","[0.923756217956543, 0.35565900802612305]"
/content/tif_images/image_224.tif,1,36.230959041,36.120691565,collapsed,"[0.5001068115234375, 595.1121826171875, 94.89291381835938, 639.8392333984375]",0.4356076121330261,"[47.696510314941406, 617.4757080078125]","[0.07452579736709594, 0.964805793762207]"
/content/tif_images/image_377.tif,3,36.223796161,36.160863647,collapsed,"[216.1824188232422, 297.98565673828125, 326.21173095703125, 414.25482177734375]",0.4963229298591614,"[271.1970748901367, 356.1202392578125]","[0.4237454295158386, 0.556437873840332]"
/content/tif_images/image_256.tif,2,36.230849087,36.131678792,collapsed,"[15.771129608154297, 39.291934967041016, 119.26853942871094, 154.2186279296875]",0.2844162285327911,"[67.51983451843262, 96.75528144836426]","[0.10549974143505096, 0.15118012726306915]"
/content/tif_images/image_56.tif,0,36.241767968,36.108284214,collapsed,"[256.57745361328125, 334.9075927734375, 414.4571533203125, 470.930908203125]",0.2970030903816223,"[335.5173034667969, 402.91925048828125]","[0.5242457866668702, 0.6295613288879395]"
/content/tif_images/image_56.tif,2,36.241891972,36.107356663,collapsed,"[7.379550933837891, 313.5625, 132.67807006835938, 399.2371826171875]",0.2637088298797607,"[70.02881050109863, 356.39984130859375]","[0.10942001640796661, 0.5568747520446777]"
/content/tif_images/image_512.tif,0,36.214792921,36.160872798,collapsed,"[128.14175415039062, 390.9888916015625, 237.29315185546875, 478.9005126953125]",0.8579926490783691,"[182.7174530029297, 434.9447021484375]","[0.28549602031707766, 0.6796010971069336]"
/content/tif_images/image_512.tif,3,36.214707284,36.161245728,collapsed,"[251.53500366210938, 425.23480224609375, 327.5752258300781, 508.87005615234375]",0.7361302375793457,"[289.55511474609375, 467.05242919921875]","[0.45242986679077146, 0.7297694206237793]"
/content/tif_images/image_512.tif,4,36.215085781,36.160941251,collapsed,"[149.128662109375, 280.3985595703125, 255.527099609375, 369.888916015625]",0.5810442566871643,"[202.327880859375, 325.14373779296875]","[0.31613731384277344, 0.5080370903015137]"
/content/tif_images/image_512.tif,6,36.214510766,36.16079404,collapsed,"[107.37408447265625, 502.53985595703125, 212.935546875, 578.9246215820312]",0.4601334929466247,"[160.15481567382812, 540.7322387695312]","[0.25024189949035647, 0.8448941230773925]"
/content/tif_images/image_328.tif,0,36.224084751,36.112537249,collapsed,"[66.49507141113281, 421.009521484375, 183.3480224609375, 536.5511474609375]",0.2976748645305633,"[124.92154693603516, 478.78033447265625]","[0.19518991708755493, 0.7480942726135253]"
/content/tif_images/image_272.tif,0,36.228554238,36.108454799,collapsed,"[183.45565795898438, 48.700157165527344, 288.3398132324219, 115.43567657470703]",0.6801549792289734,"[235.89773559570312, 82.06791687011719]","[0.3685902118682861, 0.12823112010955812]"
/content/tif_images/image_272.tif,1,36.227794018,36.10898596,collapsed,"[348.2928771972656, 326.5789794921875, 427.7023620605469, 407.944091796875]",0.6620538830757141,"[387.99761962890625, 367.26153564453125]","[0.6062462806701661, 0.5738461494445801]"
/content/tif_images/image_647.tif,11,36.20577486,36.161114677,collapsed,"[122.75906372070312, 473.2119140625, 199.06149291992188, 564.690673828125]",0.6617830991744995,"[160.9102783203125, 518.9512939453125]","[0.2514223098754883, 0.8108613967895508]"
/content/tif_images/image_647.tif,17,36.206031026,36.161121172,collapsed,"[115.44229888916016, 387.3612060546875, 210.09915161132812, 458.454345703125]",0.5530140399932861,"[162.77072525024414, 422.90777587890625]","[0.2543292582035065, 0.660793399810791]"
/content/tif_images/image_647.tif,19,36.206012879,36.160785384,collapsed,"[30.208599090576172, 395.6656494140625, 102.93916320800781, 463.75732421875]",0.5016562938690186,"[66.57388114929199, 429.71148681640625]","[0.10402168929576874, 0.6714241981506348]"
/content/tif_images/image_647.tif,24,36.206250422,36.160943817,collapsed,"[88.43150329589844, 316.0794677734375, 135.49244689941406, 365.2213134765625]",0.2789704799652099,"[111.96197509765625, 340.650390625]","[0.1749405860900879, 0.5322662353515625]"
/content/tif_images/image_647.tif,25,36.206026064,36.161044807,collapsed,"[76.36845397949219, 390.877685546875, 205.4190216064453, 458.65863037109375]",0.2710311710834503,"[140.89373779296875, 424.7681579589844]","[0.22014646530151366, 0.6637002468109131]"
/content/tif_images/image_615.tif,13,36.208217172,36.150235253,collapsed,"[132.0037384033203, 118.0596923828125, 209.62733459472656, 213.99679565429688]",0.5335480570793152,"[170.81553649902344, 166.0282440185547]","[0.2668992757797241, 0.2594191312789917]"
/content/tif_images/image_615.tif,14,36.208056866,36.150527462,collapsed,"[219.85952758789062, 176.34259033203125, 289.1968078613281, 275.91943359375]",0.5327901244163513,"[254.52816772460938, 226.13101196289062]","[0.39770026206970216, 0.3533297061920166]"
/content/tif_images/image_535.tif,11,36.213852334,36.153723466,collapsed,"[566.3548583984375, 4.4521026611328125, 640.0, 97.2777099609375]",0.6031073331832886,"[603.1774291992188, 50.864906311035156]","[0.9424647331237793, 0.07947641611099243]"
/content/tif_images/image_535.tif,14,36.213742741,36.153383593,collapsed,"[457.46441650390625, 46.82545471191406, 554.1555786132812, 137.08291625976562]",0.5801025629043579,"[505.80999755859375, 91.95418548583984]","[0.7903281211853027, 0.14367841482162474]"
/content/tif_images/image_672.tif,9,36.204606053,36.15743498,collapsed,"[301.6314697265625, 221.0303192138672, 361.8485107421875, 297.07891845703125]",0.6194766759872437,"[331.739990234375, 259.0546188354492]","[0.518343734741211, 0.4047728419303894]"
/content/tif_images/image_672.tif,12,36.204047419,36.157460108,collapsed,"[299.29022216796875, 423.54180908203125, 378.5870361328125, 513.4606323242188]",0.6040880680084229,"[338.9386291503906, 468.501220703125]","[0.5295916080474854, 0.7320331573486328]"
/content/tif_images/image_672.tif,20,36.204462687,36.156567526,collapsed,"[54.18383026123047, 275.1600646972656, 112.27704620361328, 350.4522399902344]",0.3392540514469147,"[83.23043823242188, 312.80615234375]","[0.13004755973815918, 0.48875961303710935]"
/content/tif_images/image_469.tif,0,36.215302154,36.125872298,collapsed,"[80.19705200195312, 545.789306640625, 163.94703674316406, 638.864013671875]",0.5385466814041138,"[122.0720443725586, 592.32666015625]","[0.1907375693321228, 0.9255104064941406]"
/content/tif_images/image_620.tif,16,36.208493349,36.160950317,collapsed,"[92.5589370727539, 120.71260833740234, 171.30398559570312, 197.71359252929688]",0.434767335653305,"[131.93146133422852, 159.2131004333496]","[0.20614290833473206, 0.24877046942710876]"
/content/tif_images/image_620.tif,17,36.208578961,36.160685349,collapsed,"[24.219223022460938, 94.79090881347656, 87.75849151611328, 159.43873596191406]",0.4236738681793213,"[55.98885726928711, 127.11482238769531]","[0.08748258948326111, 0.19861690998077391]"
/content/tif_images/image_620.tif,19,36.208741813,36.161196488,collapsed,"[162.48422241210938, 30.628768920898438, 242.48876953125, 101.48588562011719]",0.3479087054729461,"[202.4864959716797, 66.05732727050781]","[0.3163851499557495, 0.10321457386016845]"
/content/tif_images/image_674.tif,7,36.204497774,36.161004006,collapsed,"[69.83656311035156, 305.96453857421875, 152.0027618408203, 370.92645263671875]",0.4453847408294678,"[110.91966247558594, 338.44549560546875]","[0.17331197261810302, 0.5288210868835449]"
/content/tif_images/image_642.tif,13,36.206362665,36.151687046,collapsed,"[515.1401977539062, 146.916015625, 621.6453247070312, 256.756591796875]",0.3492656648159027,"[568.3927612304688, 201.8363037109375]","[0.8881136894226074, 0.3153692245483398]"
/content/tif_images/image_642.tif,15,36.206385849,36.151702771,collapsed,"[526.1180419921875, 151.228759765625, 619.6773681640625, 235.0592041015625]",0.2688754200935364,"[572.897705078125, 193.14398193359375]","[0.8951526641845703, 0.3017874717712402]"
/content/tif_images/image_246.tif,5,36.230007261,36.109863615,collapsed,"[0.475189208984375, 150.04800415039062, 72.03802490234375, 282.675048828125]",0.5303092002868652,"[36.25660705566406, 216.3615264892578]","[0.056650948524475095, 0.3380648851394653]"
/content/tif_images/image_170.tif,0,36.235427766,36.120582876,collapsed,"[23.803939819335938, 216.79241943359375, 83.22127532958984, 304.08673095703125]",0.3482843935489654,"[53.51260757446289, 260.4395751953125]","[0.08361344933509826, 0.4069368362426758]"
/content/tif_images/image_537.tif,6,36.213151952,36.15637659,collapsed,"[85.53608703613281, 319.8995361328125, 154.30056762695312, 384.24859619140625]",0.6749640107154846,"[119.91832733154297, 352.0740661621094]","[0.1873723864555359, 0.5501157283782959]"
/content/tif_images/image_537.tif,11,36.213220159,36.157078801,collapsed,"[289.055419921875, 291.5501708984375, 353.12255859375, 361.4532470703125]",0.5901482701301575,"[321.0889892578125, 326.501708984375]","[0.501701545715332, 0.510158920288086]"
/content/tif_images/image_537.tif,22,36.213329711,36.156288414,collapsed,"[60.06526184082031, 258.74810791015625, 129.24989318847656, 312.10699462890625]",0.3128956854343414,"[94.65757751464844, 285.42755126953125]","[0.1479024648666382, 0.4459805488586426]"
/content/tif_images/image_537.tif,23,36.213952592,36.158096025,collapsed,"[585.0098876953125, 28.58617401123047, 640.0, 75.19978332519531]",0.3007784783840179,"[612.5049438476562, 51.89297866821289]","[0.9570389747619629, 0.08108277916908264]"
/content/tif_images/image_537.tif,24,36.213494902,36.156197867,collapsed,"[37.84309387207031, 194.01300048828125, 99.59197998046875, 252.97296142578125]",0.2807122468948364,"[68.71753692626953, 223.49298095703125]","[0.10737115144729614, 0.34920778274536135]"
/content/tif_images/image_509.tif,10,36.21572056,36.155060684,collapsed,"[346.20098876953125, 0.0, 419.66986083984375, 58.06841278076172]",0.309091717004776,"[382.9354248046875, 29.03420639038086]","[0.5983366012573242, 0.045365947484970096]"
/content/tif_images/image_509.tif,11,36.215258047,36.155261528,collapsed,"[394.0653076171875, 156.0965576171875, 486.882080078125, 248.7891845703125]",0.2975570559501648,"[440.47369384765625, 202.44287109375]","[0.6882401466369629, 0.3163169860839844]"
/content/tif_images/image_300.tif,7,36.22569285,36.111168947,collapsed,"[322.9577331542969, 480.8905944824219, 423.2492980957031, 550.12451171875]",0.4230492413043976,"[373.103515625, 515.5075531005859]","[0.5829742431640625, 0.8054805517196655]"
/content/tif_images/image_300.tif,9,36.225885916,36.110905185,collapsed,"[254.4737548828125, 416.31292724609375, 340.67474365234375, 469.8465576171875]",0.3886075913906097,"[297.5742492675781, 443.0797424316406]","[0.46495976448059084, 0.6923120975494385]"
/content/tif_images/image_166.tif,7,36.234689465,36.113549357,collapsed,"[493.0762634277344, 418.9700927734375, 558.6180419921875, 499.0400390625]",0.5599837899208069,"[525.8471527099609, 459.00506591796875]","[0.8216361761093139, 0.7171954154968262]"
/content/tif_images/image_482.tif,11,36.216777061,36.155736743,collapsed,"[551.9430541992188, 239.03260803222656, 637.3814086914062, 345.8076171875]",0.7044689655303955,"[594.6622314453125, 292.4201126098633]","[0.9291597366333008, 0.45690642595291137]"
/content/tif_images/image_482.tif,16,36.216179565,36.154740487,collapsed,"[267.9455871582031, 467.69171142578125, 350.5605773925781, 565.1831665039062]",0.6406351923942566,"[309.2530822753906, 516.4374389648438]","[0.48320794105529785, 0.8069334983825683]"
/content/tif_images/image_329.tif,1,36.2244434,36.114781773,collapsed,"[90.0383529663086, 302.76971435546875, 201.91201782226562, 424.71429443359375]",0.3222551643848419,"[145.9751853942871, 363.74200439453125]","[0.2280862271785736, 0.5683468818664551]"
/content/tif_images/image_180.tif,2,36.236202066,36.142670998,collapsed,"[115.24130249023438, 111.09471130371094, 209.05496215820312, 219.5414581298828]",0.6406498551368713,"[162.14813232421875, 165.31808471679688]","[0.2533564567565918, 0.25830950736999514]"
/content/tif_images/image_640.tif,3,36.205861301,36.147358386,collapsed,"[537.3017578125, 300.82513427734375, 605.98095703125, 401.561767578125]",0.745018482208252,"[571.641357421875, 351.1934509277344]","[0.8931896209716796, 0.5487397670745849]"
/content/tif_images/image_640.tif,7,36.205198718,36.145797303,collapsed,"[88.35002136230469, 560.80126953125, 160.4899139404297, 638.42626953125]",0.6334185004234314,"[124.41996765136719, 599.61376953125]","[0.19440619945526122, 0.9368965148925781]"
/content/tif_images/image_640.tif,13,36.205512946,36.146319411,collapsed,"[238.95985412597656, 431.958984375, 309.02880859375, 531.6429443359375]",0.5466904044151306,"[273.9943313598633, 481.80096435546875]","[0.4281161427497864, 0.7528140068054199]"
/content/tif_images/image_640.tif,16,36.205199331,36.146199178,collapsed,"[183.96502685546875, 558.91162109375, 295.1340637207031, 639.856201171875]",0.4454058408737182,"[239.54954528808594, 599.3839111328125]","[0.37429616451263426, 0.9365373611450195]"
/content/tif_images/image_640.tif,19,36.205505651,36.146011416,collapsed,"[143.5455322265625, 440.05682373046875, 227.97317504882812, 529.015380859375]",0.2672691941261291,"[185.7593536376953, 484.5361022949219]","[0.2902489900588989, 0.7570876598358154]"
/content/tif_images/image_453.tif,3,36.217638695,36.14935257,collapsed,"[0.03699493408203125, 541.1512451171875, 55.29403305053711, 638.5970458984375]",0.4466984868049621,"[27.66551399230957, 589.8741455078125]","[0.0432273656129837, 0.9216783523559571]"
/content/tif_images/image_727.tif,5,36.200192485,36.159762248,collapsed,"[289.3124694824219, 588.676025390625, 391.5102233886719, 640.0]",0.2528114914894104,"[340.4113464355469, 614.3380126953125]","[0.531892728805542, 0.9599031448364258]"
/content/tif_images/image_110.tif,0,36.23917486,36.108042803,collapsed,"[161.48663330078125, 19.93402862548828, 297.1390686035156, 92.71521759033203]",0.3191126585006714,"[229.31285095214844, 56.324623107910156]","[0.3583013296127319, 0.08800722360610962]"
/content/tif_images/image_302.tif,1,36.226832419,36.114844668,collapsed,"[132.8287353515625, 89.02897644042969, 232.367919921875, 165.75611877441406]",0.6379581689834595,"[182.59832763671875, 127.39254760742188]","[0.285309886932373, 0.1990508556365967]"
/content/tif_images/image_538.tif,24,36.213477046,36.158792217,collapsed,"[149.11151123046875, 218.05081176757812, 230.8873291015625, 280.5676574707031]",0.2716447412967682,"[189.99942016601562, 249.30923461914062]","[0.2968740940093994, 0.3895456790924072]"
/content/tif_images/image_60.tif,1,36.242952403,36.115957745,collapsed,"[0.02657318115234375, 1.5118255615234375, 92.56449890136719, 73.21531677246094]",0.3645600378513336,"[46.295536041259766, 37.36357116699219]","[0.07233677506446838, 0.05838057994842529]"
/content/tif_images/image_269.tif,7,36.23058662,36.159781766,collapsed,"[0.0, 391.82122802734375, 68.04837036132812, 503.78863525390625]",0.2721895575523376,"[34.02418518066406, 447.804931640625]","[0.053162789344787596, 0.6996952056884765]"
/content/tif_images/image_645.tif,15,36.206308189,36.156794397,collapsed,"[117.89857482910156, 231.35101318359375, 215.2202911376953, 329.3975830078125]",0.5931207537651062,"[166.55943298339844, 280.3742980957031]","[0.26024911403656004, 0.43808484077453613]"
/content/tif_images/image_645.tif,19,36.205978666,36.157525916,collapsed,"[340.28326416015625, 359.58734130859375, 411.96929931640625, 448.25567626953125]",0.5508943200111389,"[376.12628173828125, 403.9215087890625]","[0.5876973152160645, 0.6311273574829102]"
/content/tif_images/image_645.tif,22,36.206866,36.157361662,collapsed,"[299.39111328125, 31.88470458984375, 358.7501220703125, 110.58775329589844]",0.3259767591953277,"[329.07061767578125, 71.2362289428711]","[0.5141728401184082, 0.11130660772323608]"
/content/tif_images/image_645.tif,23,36.205747476,36.157699773,collapsed,"[398.3644714355469, 463.73468017578125, 453.5018005371094, 517.4669799804688]",0.3180650770664215,"[425.9331359863281, 490.600830078125]","[0.6655205249786377, 0.7665637969970703]"
/content/tif_images/image_665.tif,20,36.203392503,36.142839382,collapsed,"[454.460693359375, 540.32568359375, 549.589599609375, 616.321044921875]",0.6936991214752197,"[502.025146484375, 578.3233642578125]","[0.7844142913818359, 0.903630256652832]"
/content/tif_images/image_221.tif,7,36.232305413,36.114657098,collapsed,"[152.73016357421875, 13.789932250976562, 216.149169921875, 93.19188690185547]",0.4290716350078583,"[184.43966674804688, 53.490909576416016]","[0.28818697929382325, 0.08357954621315003]"
/content/tif_images/image_629.tif,1,36.205912854,36.121724721,collapsed,"[28.373519897460938, 69.46931457519531, 104.39407348632812, 164.73130798339844]",0.4562224745750427,"[66.38379669189453, 117.10031127929688]","[0.1037246823310852, 0.18296923637390136]"
/content/tif_images/image_565.tif,2,36.211330029,36.160190359,collapsed,"[523.3494262695312, 349.49188232421875, 621.6371459960938, 440.83221435546875]",0.6149939298629761,"[572.4932861328125, 395.16204833984375]","[0.8945207595825195, 0.6174407005310059]"
/content/tif_images/image_565.tif,4,36.211826752,36.160217629,collapsed,"[527.52294921875, 156.4388427734375, 633.088134765625, 261.41583251953125]",0.28146693110466,"[580.3055419921875, 208.92733764648438]","[0.906727409362793, 0.3264489650726318]"
/content/tif_images/image_193.tif,4,36.233852324,36.113513112,collapsed,"[462.55804443359375, 71.88558959960938, 531.1526489257812, 154.45956420898438]",0.5771593451499939,"[496.8553466796875, 113.17257690429688]","[0.7763364791870118, 0.17683215141296388]"
/content/tif_images/image_193.tif,7,36.233755015,36.113155675,collapsed,"[366.33477783203125, 112.03258514404297, 422.66925048828125, 187.3228759765625]",0.435137927532196,"[394.50201416015625, 149.67773056030273]","[0.6164093971252441, 0.23387145400047302]"
/content/tif_images/image_193.tif,8,36.233620666,36.1139136,collapsed,"[583.07275390625, 143.8277587890625, 640.0, 256.329345703125]",0.3575107753276825,"[611.536376953125, 200.07855224609375]","[0.9555255889892578, 0.3126227378845215]"
/content/tif_images/image_2.tif,1,36.244952815,36.107132192,collapsed,"[0.38088226318359375, 465.4616394042969, 85.59679412841797, 589.5888671875]",0.5565598607063293,"[42.98883819580078, 527.5252532958984]","[0.06717005968093873, 0.8242582082748413]"
/content/tif_images/image_695.tif,33,36.203248427,36.148266498,collapsed,"[126.5114974975586, 0.08477401733398438, 220.57223510742188, 62.582454681396484]",0.3240187466144562,"[173.54186630249023, 31.333614349365234]","[0.271159166097641, 0.04895877242088318]"
/content/tif_images/image_694.tif,41,36.202840314,36.146817649,collapsed,"[354.85699462890625, 126.6114501953125, 405.26446533203125, 203.08837890625]",0.4577859938144684,"[380.06072998046875, 164.84991455078125]","[0.5938448905944824, 0.2575779914855957]"
/content/tif_images/image_439.tif,1,36.217290646,36.120328372,collapsed,"[371.6111145019531, 399.32177734375, 463.0359802246094, 495.5191650390625]",0.5248550772666931,"[417.32354736328125, 447.42047119140625]","[0.652068042755127, 0.6990944862365722]"
/content/tif_images/image_439.tif,3,36.217256869,36.120981115,collapsed,"[569.3355712890625, 409.446044921875, 639.1417236328125, 510.7225341796875]",0.334634780883789,"[604.2386474609375, 460.08428955078125]","[0.9441228866577148, 0.7188817024230957]"
/content/tif_images/image_349.tif,0,36.224874187,36.15963335,collapsed,"[512.8828125, 546.4873046875, 604.595947265625, 637.390869140625]",0.6777677536010742,"[558.7393798828125, 591.9390869140625]","[0.8730302810668945, 0.9249048233032227]"
/content/tif_images/image_563.tif,15,36.211577315,36.15524248,collapsed,"[357.3215637207031, 230.82522583007812, 439.3727111816406, 296.8357849121094]",0.6459790468215942,"[398.3471374511719, 263.83050537109375]","[0.622417402267456, 0.412235164642334]"
/content/tif_images/image_563.tif,17,36.210887591,36.154876504,collapsed,"[250.184814453125, 482.23712158203125, 336.8182373046875, 562.6156616210938]",0.5426509976387024,"[293.50152587890625, 522.4263916015625]","[0.45859613418579104, 0.8162912368774414]"
/content/tif_images/image_563.tif,18,36.211411164,36.154937872,collapsed,"[272.09259033203125, 293.6683349609375, 350.0723876953125, 358.58160400390625]",0.5003058910369873,"[311.0824890136719, 326.1249694824219]","[0.4860663890838623, 0.5095702648162842]"
/content/tif_images/image_563.tif,20,36.210658033,36.155006722,collapsed,"[285.8703918457031, 577.1137084960938, 375.7431335449219, 639.8739624023438]",0.4993141889572143,"[330.8067626953125, 608.4938354492188]","[0.5168855667114258, 0.9507716178894043]"
/content/tif_images/image_536.tif,7,36.213807744,36.154872867,collapsed,"[255.71087646484375, 39.47056579589844, 365.8778076171875, 133.93728637695312]",0.7206006646156311,"[310.7943420410156, 86.70392608642578]","[0.4856161594390869, 0.13547488451004028]"
/content/tif_images/image_536.tif,22,36.213907443,36.154297278,collapsed,"[92.8341064453125, 0.0, 198.96340942382812, 98.64883422851562]",0.3066882491111755,"[145.8987579345703, 49.32441711425781]","[0.2279668092727661, 0.07706940174102783]"
/content/tif_images/image_458.tif,5,36.218672843,36.161800798,collapsed,"[430.59625244140625, 248.0223388671875, 539.3148803710938, 349.72894287109375]",0.7498647570610046,"[484.95556640625, 298.8756408691406]","[0.7577430725097656, 0.4669931888580322]"
/content/tif_images/image_458.tif,8,36.218266192,36.161736857,collapsed,"[412.49530029296875, 395.89666748046875, 520.7800903320312, 506.78302001953125]",0.7227571606636047,"[466.6376953125, 451.33984375]","[0.7291213989257812, 0.705218505859375]"
/content/tif_images/image_347.tif,18,36.22474739,36.15525828,collapsed,"[494.6890869140625, 562.009765625, 603.26904296875, 639.71337890625]",0.5108820796012878,"[548.9790649414062, 600.861572265625]","[0.8577797889709473, 0.938846206665039]"
/content/tif_images/image_452.tif,19,36.21756964,36.149232755,collapsed,"[590.0120849609375, 555.038818359375, 640.0, 637.498291015625]",0.2796993553638458,"[615.0060424804688, 596.2685546875]","[0.9609469413757324, 0.9316696166992188]"
/content/tif_images/image_696.tif,12,36.203093327,36.1511203,collapsed,"[324.9630126953125, 55.56794738769531, 414.089599609375, 162.39414978027344]",0.5237674117088318,"[369.52630615234375, 108.98104858398438]","[0.5773848533630371, 0.17028288841247557]"
/content/tif_images/image_483.tif,18,36.217088947,36.156574711,collapsed,"[169.27191162109375, 144.94500732421875, 256.846923828125, 244.2685546875]",0.3603154122829437,"[213.05941772460938, 194.60678100585938]","[0.33290534019470214, 0.3040730953216553]"
/content/tif_images/image_483.tif,20,36.216996483,36.156322297,collapsed,"[116.47730255126953, 182.58258056640625, 165.01763916015625, 275.9655456542969]",0.3055820763111114,"[140.7474708557129, 229.27406311035156]","[0.2199179232120514, 0.3582407236099243]"
/content/tif_images/image_585.tif,20,36.208754604,36.143144698,collapsed,"[0.09846878051757812, 525.6290283203125, 45.56566619873047, 605.4473876953125]",0.263818085193634,"[22.832067489624023, 565.5382080078125]","[0.035675105452537534, 0.8836534500122071]"
/content/tif_images/image_332.tif,4,36.224845529,36.121318227,collapsed,"[105.74864959716797, 204.5244140625, 200.7796630859375, 339.04150390625]",0.4717134237289428,"[153.26415634155273, 271.782958984375]","[0.23947524428367614, 0.42466087341308595]"
/content/tif_images/image_484.tif,24,36.217304164,36.159798627,collapsed,"[476.738525390625, 87.64434051513672, 553.2359619140625, 179.18048095703125]",0.6368100047111511,"[514.9872436523438, 133.41241073608398]","[0.8046675682067871, 0.20845689177513121]"
/content/tif_images/image_484.tif,31,36.217252154,36.159520418,collapsed,"[409.1955871582031, 130.7919921875, 461.3751525878906, 175.03253173828125]",0.3763647973537445,"[435.2853698730469, 152.91226196289062]","[0.6801333904266358, 0.2389254093170166]"
/content/tif_images/image_359.tif,4,36.223153013,36.121170535,collapsed,"[38.44621276855469, 181.4345703125, 146.27157592773438, 312.70941162109375]",0.4062625765800476,"[92.35889434814453, 247.07199096679688]","[0.14431077241897583, 0.3860499858856201]"
/content/tif_images/image_406.tif,1,36.218690761,36.107479539,collapsed,"[446.78973388671875, 396.9967041015625, 523.8226928710938, 531.295166015625]",0.5676501393318176,"[485.30621337890625, 464.14593505859375]","[0.758290958404541, 0.7252280235290527]"
/content/tif_images/image_406.tif,3,36.218469075,36.107874004,collapsed,"[556.758056640625, 483.7005310058594, 639.666259765625, 610.9207763671875]",0.3332336246967315,"[598.212158203125, 547.3106536865234]","[0.9347064971923829, 0.8551728963851929]"
/content/tif_images/image_29.tif,1,36.244262164,36.107593484,collapsed,"[83.54606628417969, 59.73121643066406, 229.28907775878906, 194.49514770507812]",0.327714204788208,"[156.41757202148438, 127.1131820678711]","[0.24440245628356932, 0.19861434698104857]"
/content/tif_images/image_167.tif,2,36.235810901,36.115630274,collapsed,"[465.7796630859375, 2.2258453369140625, 534.3233642578125, 113.39366149902344]",0.6946161389350891,"[500.051513671875, 57.80975341796875]","[0.7813304901123047, 0.09032773971557617]"
/content/tif_images/image_192.tif,7,36.232832986,36.110661489,collapsed,"[249.56564331054688, 447.7795104980469, 354.3475646972656, 503.7955017089844]",0.3456397950649261,"[301.95660400390625, 475.7875061035156]","[0.4718071937561035, 0.7434179782867432]"
/content/tif_images/image_109.tif,0,36.237932669,36.106898745,collapsed,"[476.91900634765625, 446.71112060546875, 569.3749389648438, 558.1799926757812]",0.6348347067832947,"[523.14697265625, 502.445556640625]","[0.8174171447753906, 0.7850711822509766]"
/content/tif_images/image_109.tif,2,36.238708205,36.107132443,collapsed,"[540.074462890625, 158.82681274414062, 640.0, 264.1849670410156]",0.259456604719162,"[590.0372314453125, 211.50588989257812]","[0.9219331741333008, 0.3304779529571533]"
/content/tif_images/image_699.tif,22,36.202637504,36.158362894,collapsed,"[523.6583251953125, 298.6944580078125, 635.3316650390625, 377.295166015625]",0.3993584811687469,"[579.4949951171875, 337.99481201171875]","[0.9054609298706054, 0.5281168937683105]"
/content/tif_images/image_405.tif,7,36.221441276,36.162256621,collapsed,"[0.2294921875, 559.3668212890625, 60.2873649597168, 638.6925048828125]",0.3777340948581695,"[30.2584285736084, 599.0296630859375]","[0.047278794646263125, 0.9359838485717773]"
/content/tif_images/image_671.tif,6,36.204134319,36.155571398,collapsed,"[382.445068359375, 372.23779296875, 456.6009521484375, 461.35992431640625]",0.6626293659210205,"[419.52301025390625, 416.7988586425781]","[0.6555047035217285, 0.6512482166290283]"
/content/tif_images/image_671.tif,11,36.204413968,36.155840051,collapsed,"[461.67755126953125, 261.93023681640625, 531.2973022460938, 361.97198486328125]",0.4639157354831695,"[496.4874267578125, 311.95111083984375]","[0.775761604309082, 0.48742361068725587]"
/content/tif_images/image_671.tif,14,36.205194398,36.154772436,collapsed,"[140.49359130859375, 0.022708892822265625, 240.7767333984375, 38.6712532043457]",0.3279305696487427,"[190.63516235351562, 19.346981048583984]","[0.2978674411773682, 0.030229657888412476]"
/content/tif_images/image_671.tif,15,36.204838229,36.155673347,collapsed,"[396.7074890136719, 111.8479232788086, 500.7520446777344, 193.92056274414062]",0.2971636950969696,"[448.7297668457031, 152.8842430114746]","[0.7011402606964111, 0.2388816297054291]"
/content/tif_images/image_671.tif,16,36.204833293,36.155610221,collapsed,"[397.0523376464844, 117.62354278564453, 464.2380065917969, 191.8460693359375]",0.2819733023643493,"[430.6451721191406, 154.73480606079102]","[0.6728830814361573, 0.24177313446998597]"
/content/tif_images/image_662.tif,22,36.203241085,36.136098549,collapsed,"[410.287109375, 541.9425048828125, 461.50433349609375, 611.9443359375]",0.2509534955024719,"[435.8957214355469, 576.9434204101562]","[0.681087064743042, 0.9014740943908691]"
/content/tif_images/image_566.tif,4,36.211574778,36.161233017,collapsed,"[203.51913452148438, 288.682861328125, 295.1918640136719, 356.3577880859375]",0.6653341054916382,"[249.35549926757812, 322.52032470703125]","[0.3896179676055908, 0.5039380073547364]"
/content/tif_images/image_566.tif,7,36.211079851,36.161230613,collapsed,"[208.32574462890625, 468.697998046875, 289.00701904296875, 547.4649658203125]",0.6170125007629395,"[248.6663818359375, 508.08148193359375]","[0.38854122161865234, 0.7938773155212402]"
/content/tif_images/image_566.tif,8,36.210804678,36.160475563,collapsed,"[0.32964515686035156, 582.8189697265625, 64.19388580322266, 639.6839599609375]",0.5793330073356628,"[32.261765480041504, 611.25146484375]","[0.05040900856256485, 0.9550804138183594]"
/content/tif_images/image_566.tif,13,36.211904596,36.160525192,collapsed,"[4.674041748046875, 150.55813598632812, 88.2977294921875, 247.16696166992188]",0.4396551549434662,"[46.48588562011719, 198.862548828125]","[0.07263419628143311, 0.31072273254394533]"
/content/tif_images/image_566.tif,14,36.210972959,36.160860189,collapsed,"[100.34160614013672, 514.9002685546875, 184.65679931640625, 581.4161376953125]",0.3943738341331482,"[142.49920272827148, 548.158203125]","[0.2226550042629242, 0.8564971923828125]"
/content/tif_images/image_566.tif,15,36.211981285,36.160501943,collapsed,"[0.0, 136.49765014648438, 79.64472961425781, 203.721923828125]",0.3036662638187408,"[39.822364807128906, 170.1097869873047]","[0.06222244501113892, 0.2657965421676636]"
/content/tif_images/image_566.tif,16,36.211249817,36.16081982,collapsed,"[96.61932373046875, 395.27032470703125, 165.23892211914062, 493.44317626953125]",0.2712139785289764,"[130.9291229248047, 444.35675048828125]","[0.20457675457000732, 0.6943074226379394]"
/content/tif_images/image_566.tif,17,36.211185401,36.160832561,collapsed,"[97.63018798828125, 437.6359558105469, 171.53131103515625, 499.3805847167969]",0.2590185403823852,"[134.58074951171875, 468.5082702636719]","[0.21028242111206055, 0.7320441722869873]"
/content/tif_images/image_510.tif,37,36.21481236,36.157522801,collapsed,"[424.2589111328125, 363.53656005859375, 508.4112548828125, 414.08587646484375]",0.4086413979530334,"[466.3350830078125, 388.81121826171875]","[0.728648567199707, 0.6075175285339356]"
/content/tif_images/image_510.tif,39,36.215578626,36.157093136,collapsed,"[305.8887939453125, 51.8223876953125, 380.599365234375, 151.54959106445312]",0.3378964066505432,"[343.24407958984375, 101.68598937988281]","[0.5363188743591308, 0.1588843584060669]"
/content/tif_images/image_510.tif,41,36.214286259,36.157616607,collapsed,"[454.9124755859375, 561.5167236328125, 531.5050048828125, 610.3734130859375]",0.3180114924907684,"[493.208740234375, 585.945068359375]","[0.7706386566162109, 0.9155391693115235]"
/content/tif_images/image_539.tif,3,36.21402169,36.160734066,collapsed,"[74.78170776367188, 20.98102569580078, 174.49525451660156, 108.2260513305664]",0.7015577554702759,"[124.63848114013672, 64.6035385131836]","[0.19474762678146362, 0.10094302892684937]"
/content/tif_images/image_59.tif,0,36.242870284,36.11572203,collapsed,"[560.4467163085938, 4.596466064453125, 640.0, 92.67124938964844]",0.4454089105129242,"[600.2233581542969, 48.63385772705078]","[0.9378489971160888, 0.07599040269851684]"
/content/tif_images/image_707.tif,2,36.200717602,36.115547765,collapsed,"[78.10081481933594, 0.0, 134.8116912841797, 56.53752136230469]",0.4791366755962372,"[106.45625305175781, 28.268760681152344]","[0.16633789539337157, 0.044169938564300536]"
/content/tif_images/image_263.tif,8,36.230046954,36.148446613,collapsed,"[463.48150634765625, 486.25244140625, 572.3235473632812, 581.5736083984375]",0.4373836815357208,"[517.9025268554688, 533.9130249023438]","[0.8092226982116699, 0.8342391014099121]"
/content/tif_images/image_587.tif,7,36.209466707,36.147483519,collapsed,"[0.0, 305.89532470703125, 44.98855972290039, 369.19219970703125]",0.3108028471469879,"[22.494279861450195, 337.54376220703125]","[0.03514731228351593, 0.5274121284484863]"
/content/tif_images/image_123.tif,14,36.239222633,36.137131982,collapsed,"[405.7003173828125, 216.9815216064453, 549.564697265625, 369.67901611328125]",0.4231235086917877,"[477.63250732421875, 293.3302688598633]","[0.7463007926940918, 0.4583285450935364]"
/content/tif_images/image_343.tif,13,36.225707616,36.145892355,collapsed,"[314.70880126953125, 106.12007141113281, 391.64227294921875, 220.35386657714844]",0.4648813903331756,"[353.175537109375, 163.23696899414062]","[0.5518367767333985, 0.25505776405334474]"
/content/tif_images/image_646.tif,0,36.205631502,36.159843902,collapsed,"[362.2047119140625, 505.2915344238281, 474.8387451171875, 601.86572265625]",0.821584939956665,"[418.521728515625, 553.5786285400391]","[0.6539402008056641, 0.864966607093811]"
/content/tif_images/image_646.tif,2,36.205874137,36.159760634,collapsed,"[343.1747131347656, 433.26739501953125, 446.1589660644531, 491.94879150390625]",0.7911340594291687,"[394.6668395996094, 462.60809326171875]","[0.6166669368743897, 0.7228251457214355]"
/content/tif_images/image_646.tif,9,36.206061651,36.159766176,collapsed,"[350.4483337402344, 366.24566650390625, 442.0610046386719, 418.36273193359375]",0.7331679463386536,"[396.2546691894531, 392.30419921875]","[0.6191479206085205, 0.6129753112792968]"
/content/tif_images/image_646.tif,17,36.20652845,36.158528279,collapsed,"[0.190032958984375, 181.46829223632812, 83.04948425292969, 253.10968017578125]",0.6424118876457214,"[41.61975860595703, 217.2889862060547]","[0.06503087282180786, 0.33951404094696047]"
/content/tif_images/image_646.tif,23,36.206744532,36.159402557,collapsed,"[238.07156372070312, 106.2654800415039, 346.0971374511719, 166.28231811523438]",0.4365825951099396,"[292.0843505859375, 136.27389907836914]","[0.45638179779052734, 0.21292796730995178]"
/content/tif_images/image_646.tif,24,36.206918068,36.159367769,collapsed,"[231.8194580078125, 40.22937774658203, 332.4168701171875, 102.19178009033203]",0.4040081202983856,"[282.1181640625, 71.21057891845703]","[0.44080963134765627, 0.11126652956008912]"
/content/tif_images/image_646.tif,25,36.206842741,36.159394548,collapsed,"[234.47088623046875, 49.093841552734375, 345.109130859375, 149.81121826171875]",0.3880564570426941,"[289.7900085449219, 99.45252990722656]","[0.45279688835144044, 0.1553945779800415]"
/content/tif_images/image_264.tif,5,36.230113849,36.149977573,collapsed,"[272.6012268066406, 484.4930725097656, 396.6488342285156, 572.1636962890625]",0.6552431583404541,"[334.6250305175781, 528.3283843994141]","[0.5228516101837158, 0.8255131006240845]"
/content/tif_images/image_264.tif,14,36.229877897,36.149017836,collapsed,"[0.0, 593.739013671875, 119.60173797607422, 639.847412109375]",0.3761574029922485,"[59.80086898803711, 616.793212890625]","[0.09343885779380798, 0.9637393951416016]"
/content/tif_images/image_264.tif,15,36.230083624,36.149932273,collapsed,"[251.0399169921875, 483.689208984375, 392.26654052734375, 595.6319580078125]",0.3111584186553955,"[321.6532287597656, 539.6605834960938]","[0.5025831699371338, 0.8432196617126465]"
/content/tif_images/image_700.tif,9,36.202591357,36.15923604,collapsed,"[145.99600219726562, 316.5135498046875, 269.6111755371094, 432.32275390625]",0.6231207251548767,"[207.8035888671875, 374.41815185546875]","[0.3246931076049805, 0.5850283622741699]"
/content/tif_images/image_700.tif,10,36.202854454,36.159093353,collapsed,"[132.7778778076172, 242.37557983398438, 201.0385284423828, 309.1761169433594]",0.5225098133087158,"[166.908203125, 275.7758483886719]","[0.2607940673828125, 0.4308997631072998]"
/content/tif_images/image_589.tif,11,36.20991032,36.152386047,collapsed,"[134.39324951171875, 148.80072021484375, 232.9033203125, 270.87738037109375]",0.5906355977058411,"[183.64828491210938, 209.83905029296875]","[0.2869504451751709, 0.32787351608276366]"
/content/tif_images/image_589.tif,17,36.210070248,36.15303315,collapsed,"[325.1661376953125, 115.12520599365234, 412.89666748046875, 184.62991333007812]",0.323397547006607,"[369.0314025878906, 149.87755966186523]","[0.5766115665435791, 0.23418368697166442]"
/content/tif_images/image_589.tif,18,36.208939758,36.153910497,collapsed,"[600.7950439453125, 527.6470947265625, 639.9554443359375, 619.8101806640625]",0.3131747841835022,"[620.375244140625, 573.7286376953125]","[0.9693363189697266, 0.8964509963989258]"
/content/tif_images/image_457.tif,22,36.217895933,36.159609845,collapsed,"[448.39117431640625, 526.0374755859375, 509.51483154296875, 615.3709716796875]",0.4759536683559418,"[478.9530029296875, 570.7042236328125]","[0.7483640670776367, 0.8917253494262696]"
/content/tif_images/image_457.tif,26,36.217789978,36.160038314,collapsed,"[564.609619140625, 580.862548828125, 638.793212890625, 639.949951171875]",0.2600737512111664,"[601.701416015625, 610.40625]","[0.940158462524414, 0.953759765625]"
